{
  "schema": "alignatt4llm_submission_score_anchors_v1",
  "source": "Compacted from the removed submission/dev_logs/*/evaluation.json bundles.",
  "runtime": {
    "asr_backend_name": "qwen_forced",
    "mt_backend_name": "gemma_vllm_alignatt",
    "low_preset": "main_low_latency",
    "high_preset": "main_high_latency",
    "low_chunk_ms": 850,
    "high_chunk_ms": 1500
  },
  "regimes": {
    "low": {
      "en-de": {
        "contract_scores": {
          "BLEU": 28.76224644716858,
          "CHRF": 62.14396185801901,
          "XCOMETXL": 0.87515281854244,
          "LongYAAL CU": 1997.816720205162,
          "LongYAAL CA": 1628.8565344073315
        }
      },
      "en-it": {
        "contract_scores": {
          "BLEU": 40.10172301013336,
          "CHRF": 68.02394347176647,
          "XCOMETXL": 0.8052145933795222,
          "LongYAAL CU": 1983.6562148080845,
          "LongYAAL CA": 1621.4195139312706
        }
      },
      "en-zh": {
        "contract_scores": {
          "BLEU": 36.01014176172819,
          "CHRF": 34.97434324718411,
          "XCOMETXL": 0.743156321744016,
          "LongYAAL CU": 1946.9588904842897,
          "LongYAAL CA": 1766.782133752265
        }
      }
    },
    "high": {
      "en-de": {
        "contract_scores": {
          "BLEU": 32.62961610148101,
          "CHRF": 64.21278527472349,
          "XCOMETXL": 0.901763004904473,
          "LongYAAL CU": 3528.177767790984,
          "LongYAAL CA": 3136.1366680008537
        }
      },
      "en-it": {
        "contract_scores": {
          "BLEU": 44.46196273248502,
          "CHRF": 70.05525532617207,
          "XCOMETXL": 0.8406898339438101,
          "LongYAAL CU": 3484.2919021617768,
          "LongYAAL CA": 3096.020857119199
        }
      },
      "en-zh": {
        "contract_scores": {
          "BLEU": 39.86372583231466,
          "CHRF": 37.80526288059886,
          "XCOMETXL": 0.7781448897229705,
          "LongYAAL CU": 3271.9262099162374,
          "LongYAAL CA": 3085.30204914265
        }
      }
    }
  }
}
