{
  "qwen_text": "Cake, and show that large language models can effectively decompose goals into steps. However, previous work mainly focuses on planning for the abstract goals of stereotypical activities. Planning for the goals with specific goals, specific constraints.",
  "gemma_text": "Cake, and show that large language models can effectively decompose goals into steps. However, previous work mainly focuses on planning for the abstract goals of stereotypical activities. Planning for the goals with specific goals, specific constraints.",
  "qwen_word_count": 36,
  "gemma_word_count": 36,
  "paired_words": 36,
  "word_end_mae_seconds": 0.1833333333333333,
  "word_end_median_error_seconds": 0.15999999999999837,
  "word_end_p90_error_seconds": 0.3600000000000012,
  "per_word_end_errors_seconds": [
    0.36000000000000043,
    0.0800000000000003,
    0.0799999999999994,
    0.39999999999999947,
    0.03999999999999959,
    0.1999999999999993,
    0.1599999999999997,
    0.1200000000000001,
    0.0,
    0.11999999999999922,
    0.120000000000001,
    0.040000000000000036,
    0.3600000000000003,
    0.16000000000000014,
    0.03999999999999915,
    0.16000000000000014,
    0.040000000000000924,
    0.08000000000000007,
    0.0,
    0.35999999999999943,
    0.15999999999999837,
    0.0799999999999983,
    0.0,
    0.4800000000000004,
    0.03999999999999915,
    0.120000000000001,
    0.120000000000001,
    0.15999999999999837,
    0.1999999999999993,
    0.28000000000000114,
    0.3600000000000012,
    0.20000000000000107,
    0.03999999999999915,
    0.879999999999999,
    0.3200000000000003,
    0.240000000000002
  ]
}