{
  "qwen_text": "Hi, I'm Siyu Yuan from Fudan University. I'm here to introduce our work: distilling script knowledge from large language models for constrained language planning. In everyday life, humans often plan their actions by following step-by-step",
  "gemma_text": "Hi, I'm Siyu Yuan from Fudan University. I'm here to introduce our work: distilling script knowledge from large language models for constrained language planning. In everyday life, humans often plan their actions by following step-by-step",
  "qwen_word_count": 35,
  "gemma_word_count": 35,
  "paired_words": 35,
  "word_end_mae_seconds": 0.17714285714285702,
  "word_end_median_error_seconds": 0.16000000000000103,
  "word_end_p90_error_seconds": 0.39999999999999947,
  "per_word_end_errors_seconds": [
    0.36000000000000054,
    0.1599999999999997,
    0.07999999999999963,
    0.19999999999999973,
    0.35999999999999943,
    0.31999999999999984,
    0.39999999999999947,
    0.27999999999999936,
    0.1999999999999993,
    0.4399999999999995,
    0.0,
    0.16000000000000103,
    0.4399999999999995,
    0.03999999999999915,
    0.040000000000000924,
    0.20000000000000107,
    0.0,
    0.040000000000000924,
    0.2400000000000002,
    0.23999999999999844,
    0.040000000000000924,
    0.08000000000000007,
    0.08000000000000007,
    0.120000000000001,
    0.11999999999999922,
    0.0,
    0.23999999999999844,
    0.08000000000000007,
    0.1999999999999993,
    0.03999999999999915,
    0.03999999999999915,
    0.3200000000000003,
    0.03999999999999915,
    0.1999999999999993,
    0.40000000000000213
  ]
}