{
  "checkpoint": "tmp/feature_aligner/aligner_v2.pt",
  "train_tags": [
    "acl_410_sent1",
    "acl_410_sent24",
    "acl_410_sent40",
    "acl_410_sent50",
    "acl_410_sent84",
    "acl_410_sent86",
    "acl_410_sent88",
    "acl_468_sent113",
    "acl_468_sent124",
    "acl_468_sent127",
    "acl_468_sent137",
    "acl_468_sent139",
    "acl_468_sent145",
    "acl_468_sent162",
    "acl_468_sent173"
  ],
  "val_summary": {
    "split": "val",
    "num_clips": 4,
    "mean_mae_s": 1.7757486525102826,
    "mean_median_error_s": 1.8470383834838866,
    "mean_p90_s": 3.058462516784668,
    "all_monotone": true,
    "all_word_count_match": true,
    "mean_head_time_s": 0.011397719383239746,
    "mean_feat_time_s": 0.39315342903137207,
    "mean_total_time_s": 0.4045511484146118,
    "per_clip": {
      "acl_567_sent189": {
        "num_words": 14,
        "monotone": true,
        "mae_s": 1.4173941925593785,
        "median_error_s": 1.507368011474609,
        "p90_error_s": 2.5429658508300785,
        "max_error_s": 3.2512005615234374,
        "word_count_match": true,
        "head_inference_time_s": 0.03301072120666504,
        "feat_extraction_time_s": 1.2701101303100586,
        "total_alignment_time_s": 1.3031208515167236,
        "audio_duration_s": 6.945,
        "tag": "acl_567_sent189",
        "talk_id": "567"
      },
      "acl_567_sent199": {
        "num_words": 28,
        "monotone": true,
        "mae_s": 2.4866501671927317,
        "median_error_s": 2.5430642700195305,
        "p90_error_s": 4.046736083984375,
        "max_error_s": 4.37531005859375,
        "word_count_match": true,
        "head_inference_time_s": 0.0037391185760498047,
        "feat_extraction_time_s": 0.09864497184753418,
        "total_alignment_time_s": 0.10238409042358398,
        "audio_duration_s": 12.52,
        "tag": "acl_567_sent199",
        "talk_id": "567"
      },
      "acl_567_sent215": {
        "num_words": 20,
        "monotone": true,
        "mae_s": 1.888766956329346,
        "median_error_s": 2.003833923339844,
        "p90_error_s": 3.2569135742187507,
        "max_error_s": 3.8489135742187504,
        "word_count_match": true,
        "head_inference_time_s": 0.003351926803588867,
        "feat_extraction_time_s": 0.08170628547668457,
        "total_alignment_time_s": 0.08505821228027344,
        "audio_duration_s": 8.278,
        "tag": "acl_567_sent215",
        "talk_id": "567"
      },
      "acl_567_sent216": {
        "num_words": 17,
        "monotone": true,
        "mae_s": 1.3101832939596738,
        "median_error_s": 1.3338873291015627,
        "p90_error_s": 2.387234558105469,
        "max_error_s": 2.6088870239257815,
        "word_count_match": true,
        "head_inference_time_s": 0.0054891109466552734,
        "feat_extraction_time_s": 0.12215232849121094,
        "total_alignment_time_s": 0.1276414394378662,
        "audio_duration_s": 8.062,
        "tag": "acl_567_sent216",
        "talk_id": "567"
      }
    }
  },
  "test_summary": {
    "split": "test",
    "num_clips": 5,
    "mean_mae_s": 1.6299019780305717,
    "mean_median_error_s": 1.6221312561035155,
    "mean_p90_s": 2.7707776062011717,
    "all_monotone": true,
    "all_word_count_match": true,
    "mean_head_time_s": 0.003167247772216797,
    "mean_feat_time_s": 0.09110198020935059,
    "mean_total_time_s": 0.09426922798156738,
    "per_clip": {
      "acl_111_sent343": {
        "num_words": 15,
        "monotone": true,
        "mae_s": 1.5118526128133136,
        "median_error_s": 1.5491317749023437,
        "p90_error_s": 2.51970361328125,
        "max_error_s": 3.06370361328125,
        "word_count_match": true,
        "head_inference_time_s": 0.0031287670135498047,
        "feat_extraction_time_s": 0.09510421752929688,
        "total_alignment_time_s": 0.09823298454284668,
        "audio_duration_s": 7.67,
        "tag": "acl_111_sent343",
        "talk_id": "111"
      },
      "acl_111_sent346": {
        "num_words": 18,
        "monotone": true,
        "mae_s": 1.3665485541025797,
        "median_error_s": 1.561238250732422,
        "p90_error_s": 2.3722401733398435,
        "max_error_s": 2.4731207275390625,
        "word_count_match": true,
        "head_inference_time_s": 0.0029556751251220703,
        "feat_extraction_time_s": 0.08200311660766602,
        "total_alignment_time_s": 0.08495879173278809,
        "audio_duration_s": 7.579,
        "tag": "acl_111_sent346",
        "talk_id": "111"
      },
      "acl_111_sent356": {
        "num_words": 13,
        "monotone": true,
        "mae_s": 1.5261091070908768,
        "median_error_s": 1.30303955078125,
        "p90_error_s": 2.831427612304687,
        "max_error_s": 3.2463339233398436,
        "word_count_match": true,
        "head_inference_time_s": 0.002886056900024414,
        "feat_extraction_time_s": 0.07960367202758789,
        "total_alignment_time_s": 0.0824897289276123,
        "audio_duration_s": 6.577,
        "tag": "acl_111_sent356",
        "talk_id": "111"
      },
      "acl_111_sent366": {
        "num_words": 12,
        "monotone": true,
        "mae_s": 1.3477548503875731,
        "median_error_s": 1.2888842773437503,
        "p90_error_s": 2.183844268798828,
        "max_error_s": 2.7654266357421875,
        "word_count_match": true,
        "head_inference_time_s": 0.0033609867095947266,
        "feat_extraction_time_s": 0.08350300788879395,
        "total_alignment_time_s": 0.08686399459838867,
        "audio_duration_s": 7.124,
        "tag": "acl_111_sent366",
        "talk_id": "111"
      },
      "acl_111_sent388": {
        "num_words": 16,
        "monotone": true,
        "mae_s": 2.3972447657585145,
        "median_error_s": 2.4083624267578125,
        "p90_error_s": 3.946672363281251,
        "max_error_s": 4.328665771484375,
        "word_count_match": true,
        "head_inference_time_s": 0.0035047531127929688,
        "feat_extraction_time_s": 0.1152958869934082,
        "total_alignment_time_s": 0.11880064010620117,
        "audio_duration_s": 12.459,
        "tag": "acl_111_sent388",
        "talk_id": "111"
      }
    }
  }
}