{
  "num_clips": 3,
  "mean_mae_s": 0.1469093405203843,
  "mean_p90_s": 0.2586190185546875,
  "mean_inference_s": 0.021173715591430664,
  "all_monotone": true,
  "per_clip": {
    "smoke18": {
      "num_words": 35,
      "monotone": true,
      "mae_s": 0.14271065412248868,
      "median_error_s": 0.145050048828125,
      "p90_error_s": 0.24716772460937553,
      "max_error_s": 0.3002600097656245,
      "word_count_match": true,
      "inference_time_s": 0.05492377281188965,
      "tag": "smoke18"
    },
    "ccpXHNfaoy_18s": {
      "num_words": 35,
      "monotone": true,
      "mae_s": 0.14271065412248868,
      "median_error_s": 0.145050048828125,
      "p90_error_s": 0.24716772460937553,
      "max_error_s": 0.3002600097656245,
      "word_count_match": true,
      "inference_time_s": 0.0036449432373046875,
      "tag": "ccpXHNfaoy_18s"
    },
    "ccpXHNfaoy_30s_48s": {
      "num_words": 36,
      "monotone": true,
      "mae_s": 0.1553067133161755,
      "median_error_s": 0.12393234252929641,
      "p90_error_s": 0.28152160644531143,
      "max_error_s": 0.48532714843750036,
      "word_count_match": true,
      "inference_time_s": 0.004952430725097656,
      "tag": "ccpXHNfaoy_30s_48s"
    }
  }
}