{
  "aligner_params": 1053696,
  "epochs": 2000,
  "final_loss": 3.0427261034647626,
  "train_time_s": 319.0393421649933,
  "feature_source": "gemma_audio_tower_output_proj (1536-dim)",
  "text_embeddings": "frozen gemma embed_tokens (2560-dim)",
  "supervision": "qwen_teacher_timestamps",
  "split": {
    "train_clips": [
      "acl_410_sent1",
      "acl_410_sent24",
      "acl_410_sent40",
      "acl_410_sent50",
      "acl_410_sent84",
      "acl_410_sent86",
      "acl_410_sent88",
      "acl_468_sent113",
      "acl_468_sent124",
      "acl_468_sent127",
      "acl_468_sent137",
      "acl_468_sent139",
      "acl_468_sent145",
      "acl_468_sent162",
      "acl_468_sent173"
    ],
    "train_talks": [
      "468",
      "410"
    ],
    "val_clips": [
      "acl_567_sent189",
      "acl_567_sent199",
      "acl_567_sent215",
      "acl_567_sent216"
    ],
    "val_talks": [
      "567"
    ]
  },
  "train_fit_results": {
    "acl_410_sent1": {
      "num_words": 21,
      "monotone": true,
      "mae_s": 0.12938569205147873,
      "median_error_s": 0.11084655761718665,
      "p90_error_s": 0.24978942871093768,
      "max_error_s": 0.3346984863281248,
      "word_count_match": true
    },
    "acl_410_sent24": {
      "num_words": 12,
      "monotone": true,
      "mae_s": 0.11134709040323892,
      "median_error_s": 0.0797008514404296,
      "p90_error_s": 0.25005117034912067,
      "max_error_s": 0.3981707763671878,
      "word_count_match": true
    },
    "acl_410_sent40": {
      "num_words": 14,
      "monotone": true,
      "mae_s": 0.08284457342965258,
      "median_error_s": 0.07396869659423827,
      "p90_error_s": 0.15254466247558582,
      "max_error_s": 0.21940673828125057,
      "word_count_match": true
    },
    "acl_410_sent50": {
      "num_words": 18,
      "monotone": true,
      "mae_s": 0.3131420771280925,
      "median_error_s": 0.17665031433105471,
      "p90_error_s": 0.7214842224121096,
      "max_error_s": 1.3142868041992188,
      "word_count_match": true
    },
    "acl_410_sent84": {
      "num_words": 19,
      "monotone": true,
      "mae_s": 0.11765243329499894,
      "median_error_s": 0.10074066162109396,
      "p90_error_s": 0.22008847045898405,
      "max_error_s": 0.33864162445068363,
      "word_count_match": true
    },
    "acl_410_sent86": {
      "num_words": 15,
      "monotone": true,
      "mae_s": 0.11409241994221994,
      "median_error_s": 0.11760864257812464,
      "p90_error_s": 0.17853086853027356,
      "max_error_s": 0.23002258300781264,
      "word_count_match": true
    },
    "acl_410_sent88": {
      "num_words": 14,
      "monotone": true,
      "mae_s": 0.11768856048583988,
      "median_error_s": 0.09525386810302727,
      "p90_error_s": 0.24450408935546897,
      "max_error_s": 0.26731231689453105,
      "word_count_match": true
    },
    "acl_468_sent113": {
      "num_words": 13,
      "monotone": true,
      "mae_s": 0.41674104837270876,
      "median_error_s": 0.2672006225585939,
      "p90_error_s": 0.9298367919921875,
      "max_error_s": 1.0258367919921874,
      "word_count_match": true
    },
    "acl_468_sent124": {
      "num_words": 23,
      "monotone": true,
      "mae_s": 0.13064714846403697,
      "median_error_s": 0.12522949218749968,
      "p90_error_s": 0.27043017578125017,
      "max_error_s": 0.2856491088867186,
      "word_count_match": true
    },
    "acl_468_sent127": {
      "num_words": 19,
      "monotone": true,
      "mae_s": 0.16738948420474395,
      "median_error_s": 0.1254437255859373,
      "p90_error_s": 0.3122479248046872,
      "max_error_s": 0.33919372558593697,
      "word_count_match": true
    },
    "acl_468_sent137": {
      "num_words": 26,
      "monotone": true,
      "mae_s": 0.12357096598698537,
      "median_error_s": 0.08904815673828148,
      "p90_error_s": 0.2858035278320308,
      "max_error_s": 0.38800903320312585,
      "word_count_match": true
    },
    "acl_468_sent139": {
      "num_words": 15,
      "monotone": true,
      "mae_s": 0.1227256177266439,
      "median_error_s": 0.0859375,
      "p90_error_s": 0.25374444580078115,
      "max_error_s": 0.48593750000000036,
      "word_count_match": true
    },
    "acl_468_sent145": {
      "num_words": 14,
      "monotone": true,
      "mae_s": 0.11506951195853099,
      "median_error_s": 0.10880996704101575,
      "p90_error_s": 0.2167416076660157,
      "max_error_s": 0.27951812744140625,
      "word_count_match": true
    },
    "acl_468_sent162": {
      "num_words": 41,
      "monotone": true,
      "mae_s": 0.16939763883265047,
      "median_error_s": 0.13565307617187372,
      "p90_error_s": 0.3512170410156248,
      "max_error_s": 0.49012939453124993,
      "word_count_match": true
    },
    "acl_468_sent173": {
      "num_words": 33,
      "monotone": true,
      "mae_s": 0.1525993104414506,
      "median_error_s": 0.11624660491943362,
      "p90_error_s": 0.3572457275390626,
      "max_error_s": 0.4045288085937493,
      "word_count_match": true
    }
  },
  "val_results": {
    "acl_567_sent189": {
      "num_words": 14,
      "monotone": true,
      "mae_s": 1.4173941925593785,
      "median_error_s": 1.507368011474609,
      "p90_error_s": 2.5429658508300785,
      "max_error_s": 3.2512005615234374,
      "word_count_match": true,
      "head_inference_time_s": 0.0031898021697998047,
      "feat_extraction_time_s": 0.07338571548461914,
      "total_alignment_time_s": 0.07657551765441895
    },
    "acl_567_sent199": {
      "num_words": 28,
      "monotone": true,
      "mae_s": 2.4866501671927317,
      "median_error_s": 2.5430642700195305,
      "p90_error_s": 4.046736083984375,
      "max_error_s": 4.37531005859375,
      "word_count_match": true,
      "head_inference_time_s": 0.003288745880126953,
      "feat_extraction_time_s": 0.08839821815490723,
      "total_alignment_time_s": 0.09168696403503418
    },
    "acl_567_sent215": {
      "num_words": 20,
      "monotone": true,
      "mae_s": 1.888766956329346,
      "median_error_s": 2.003833923339844,
      "p90_error_s": 3.2569135742187507,
      "max_error_s": 3.8489135742187504,
      "word_count_match": true,
      "head_inference_time_s": 0.003215789794921875,
      "feat_extraction_time_s": 0.09123682975769043,
      "total_alignment_time_s": 0.0944526195526123
    },
    "acl_567_sent216": {
      "num_words": 17,
      "monotone": true,
      "mae_s": 1.3101832939596738,
      "median_error_s": 1.3338873291015627,
      "p90_error_s": 2.387234558105469,
      "max_error_s": 2.6088870239257815,
      "word_count_match": true,
      "head_inference_time_s": 0.0031082630157470703,
      "feat_extraction_time_s": 0.08678817749023438,
      "total_alignment_time_s": 0.08989644050598145
    }
  }
}