{
  "aligner_params": 1053696,
  "train_clips": [
    "smoke18",
    "ccpXHNfaoy_30s_48s"
  ],
  "epochs": 2000,
  "final_loss": 2.9832347631454468,
  "train_time_s": 45.932454347610474,
  "feature_source": "gemma_audio_tower_output_proj (1536-dim)",
  "text_embeddings": "frozen gemma embed_tokens (2560-dim)",
  "supervision": "qwen_teacher_timestamps",
  "eval_results": {
    "smoke18": {
      "num_words": 35,
      "monotone": true,
      "mae_s": 0.14271065412248868,
      "median_error_s": 0.145050048828125,
      "p90_error_s": 0.24716772460937553,
      "max_error_s": 0.3002600097656245,
      "word_count_match": true,
      "inference_time_s": 0.0072650909423828125
    },
    "ccpXHNfaoy_30s_48s": {
      "num_words": 36,
      "monotone": true,
      "mae_s": 0.1553067133161755,
      "median_error_s": 0.12393234252929641,
      "p90_error_s": 0.28152160644531143,
      "max_error_s": 0.48532714843750036,
      "word_count_match": true,
      "inference_time_s": 0.004543781280517578
    }
  }
}