{
  "target_lang": "French",
  "snapshot_count": 78,
  "all_draft_units": {
    "unit_count": 781,
    "source_accessible": 0.09373621507138312,
    "source_inaccessible": 0.07514667732195564,
    "source_total": 0.16888289239333876,
    "non_source_prompt": 0.8102757725010837,
    "suffix": 0.020841335262913586
  },
  "accepted_draft_units": {
    "unit_count": 137,
    "source_accessible": 0.14081255381714375,
    "source_inaccessible": 0.009613612432327365,
    "source_total": 0.1504261662494711,
    "non_source_prompt": 0.8329151063939951,
    "suffix": 0.01665872737784284
  },
  "stop_reason_counts": {
    "alignatt:source_frontier": 78
  }
}
